engine_size,horsepower,weight,age,fuel_efficiency,price
2.810890416,155.5398787,1785.117051,18,10.81647652,39456.75521
4.827500072,262.5702842,1740.936397,4,21.8899048,78764.75718
4.061978796,361.8837508,3718.763742,7,20.19370263,88185.42893
3.595304695,319.6674659,1748.6386,6,14.0304703,73802.34865
2.046065242,341.9683444,1815.849178,13,26.41024009,69380.27079
2.045980821,297.63501,3278.194787,2,34.27877268,63131.71147
1.703292643,307.6829694,2349.219527,17,24.05472028,64830.18099
4.53161651,354.7586955,3330.131671,15,27.86883191,83847.35617
3.603902541,174.9004027,1196.098473,18,11.71126131,54629.78257
3.978254022,246.8274891,2462.713581,18,20.4416749,56672.44376
1.57204573,166.3628325,1100.840801,17,12.90896213,31758.66929
4.894684483,396.3004024,1187.95961,19,25.31989589,91654.53197
4.413549243,383.2178019,3719.31236,15,33.46205396,92708.74722
2.243186887,111.8280434,1417.736113,7,26.54444331,40278.03462
2.136387385,311.6725518,2597.262047,0,11.92007621,58362.0861
2.141915784,377.5744952,2233.286808,16,18.86665512,65509.65795
2.56484785,154.1726035,2042.029979,11,23.76658449,35932.00804
3.336647511,270.3835692,3699.500037,10,20.0801939,72270.92772
3.011807565,374.6464893,1065.47019,4,30.84110026,83948.96515
2.519301991,110.1837936,2991.369059,11,30.36677512,32112.45576
3.641485132,309.2260802,3890.183303,16,25.2957755,70696.02534
1.988228512,189.2047022,2680.50455,5,19.33644863,51110.50253
2.52250627,377.3188586,3810.467386,0,16.38340934,76903.55188
2.782266452,391.3174735,1156.773638,4,12.64685796,78048.27182
3.096244945,383.2799467,2256.379957,13,18.87244209,75584.9875
4.248115865,242.264265,1780.473373,4,20.32931293,64173.4465
2.198858238,358.6127953,3192.462895,0,26.89557313,81118.15321
3.299820534,353.3648196,3943.891271,17,26.45399561,85452.55199
3.573450991,195.730142,1769.590187,15,11.75270349,47652.16495
1.662576445,348.6746422,2962.523804,8,19.88148289,73132.74443
3.626406982,111.1022904,1594.292898,18,14.54447168,37440.99827
2.096834433,278.8809635,2695.990764,4,13.92031763,61301.48722
1.727680575,169.0026512,2391.79746,1,30.68255374,50810.10097
4.82109938,136.1700657,3916.015989,14,11.04788042,52240.60183
4.879712116,123.0859605,2825.581818,6,20.4795719,53842.20003
4.329390718,308.8866328,2048.519116,3,14.20509139,82994.85686
2.566148192,201.9624891,1342.287355,0,31.98325539,49372.75508
1.841852399,317.4300315,1453.740486,12,23.92601283,67718.72906
3.894815593,119.6069022,1675.95079,19,15.78451591,43710.88479
3.040533728,194.5871013,1752.899984,6,22.56068218,50645.76519
1.927133822,261.8473877,3551.848174,14,28.28715899,51914.00833
3.233119185,337.2169495,2683.668365,13,33.95295022,69724.38787
1.620359824,195.6257509,2570.172734,18,15.51115011,36221.78513
4.682621407,287.7674129,1344.306616,19,32.1545443,75623.04316
2.405729936,365.7933245,3580.41908,17,33.35760285,68690.24495
3.818827995,284.7589565,3168.44291,9,32.91051361,73734.10586
2.590988766,169.8878424,1203.005086,8,25.88535892,49002.35595
3.320238074,107.3202345,3123.505292,7,25.74551636,41946.14534
3.413485978,361.0296622,2630.614652,9,20.08026583,83204.6564
2.146990594,106.3808233,1245.176037,16,28.80994706,28161.38235
4.893546197,362.4105018,2374.901925,1,23.28235046,98464.76295
4.212964882,258.6811402,2454.088861,5,26.93595178,73280.00686
4.788246295,381.7203096,1497.32362,4,20.7114476,101743.8106
4.631895726,339.6349707,3837.094441,8,28.2874116,99464.50346
3.592649926,399.3802332,3549.926114,4,30.61178794,88336.7093
4.726559823,205.2135446,3007.067012,17,13.66090642,59956.22575
1.809723757,330.1564867,2386.886683,19,30.82324289,61902.35461
2.185940018,220.5792741,2235.296625,8,23.50741329,54115.52448
1.658295511,243.9626861,2952.920401,16,31.11664773,56846.23497
2.638656158,288.251639,2636.295608,16,20.78254266,58328.06418
2.860370514,362.1031343,1186.819318,11,19.47601213,77076.85136
2.449721611,395.2250408,2537.507946,6,32.87651831,81034.97619
4.400581282,330.4820242,3419.210852,2,16.27923169,86806.60662
2.748636643,225.3300347,2377.719633,9,31.10530813,64583.85572
2.483270784,226.4071007,1155.869733,1,22.10051431,54493.59621
3.399436291,321.2746905,3358.834598,2,22.85238606,68280.16341
1.993234787,171.6331437,1604.091346,15,17.71170704,42780.28313
4.307689433,133.1422339,1775.862505,1,24.32605502,50882.01853
1.760927253,206.3866473,1494.11906,9,18.13027991,43793.78897
4.954104278,186.1716975,1990.645195,5,10.98173536,67634.11487
4.202856693,188.8924361,3270.254517,10,16.79996513,60254.88047
2.195504885,170.0823253,2558.157579,6,10.15947609,41115.8096
1.51932741,112.6279569,1614.643822,14,34.45886968,27664.77954
4.354115,105.3621804,3633.490234,5,34.14368025,37839.09725
3.974000703,396.3167169,3638.745565,19,19.87888244,89760.64214
4.051525088,228.3319401,3611.735275,8,28.20927136,65309.90947
4.199446213,215.2979941,1716.388634,19,18.64515246,67629.81223
1.759156281,303.8941848,2353.718033,11,26.77732893,62414.57123
2.75463005,165.4761664,3954.968968,18,30.13575108,42816.35245
1.905541708,384.9883552,3316.037429,19,33.66890612,78118.38439
4.520861991,335.9035043,1081.502264,2,20.0053069,91404.56844
3.681543444,126.8233007,1195.613774,14,29.58244957,45654.75281
2.658143087,225.2742327,2391.79413,1,16.64821127,61874.36193
1.722454226,363.7354923,3727.660618,1,34.75830759,71238.15679
2.588438126,383.4196067,2616.105394,2,10.64423997,78482.3158
2.638141627,240.2204534,2493.437524,5,25.08822016,61373.43287
4.053621624,284.0234168,1316.4211,14,26.48764954,76263.58593
3.73145115,150.1101838,2970.340314,9,27.20113893,55078.59071
4.605244599,397.3505878,3466.309482,8,13.00968947,91071.21426
3.152752238,169.5015104,2141.260023,0,33.46324459,60083.88135
1.918579861,382.8195322,3326.835553,15,14.52958198,69302.13575
3.996356755,294.8939947,3893.429962,5,25.56883508,73755.91269
4.16274767,282.3210385,1611.299377,8,15.56690198,69751.3399
3.464470191,253.8065533,2569.988894,3,17.68041043,75172.29616
4.19838513,169.2009435,1861.413874,1,23.66146354,55863.49578
3.228284587,152.9584096,3378.563257,3,20.42983546,55861.60943
3.329564903,166.1458627,2732.780098,0,14.00564002,45899.18427
2.996393564,155.9314786,2903.747253,18,14.27341006,44839.43543
1.588966944,333.8753421,3393.742479,9,20.4536197,64758.95961
1.877619994,205.0375778,2187.911418,14,28.93207446,54029.1082
1.61000215,117.352803,3745.270205,18,32.44911617,27439.80329
3.727436439,390.730789,2599.086602,15,12.10319156,78488.80797
2.600245934,365.1357655,1473.864469,3,19.82759769,75749.8269
3.279997419,378.325685,3087.697355,1,12.50613909,90851.61111
4.676482659,398.4723468,3379.784051,12,10.41481202,87244.35744
2.372522802,152.1685748,1950.285031,0,26.54296707,32189.51309
2.936340231,218.8726057,3571.537771,16,25.06123605,54610.66642
4.144428985,327.4715427,3718.429764,12,14.07547785,82838.13041
2.300793579,308.8061854,1830.713462,3,15.84532083,59992.66006
1.769429684,146.1687719,3950.564418,6,10.59269384,39659.63609
2.514130085,344.7499375,1422.134584,16,30.87368014,65791.00924
2.064274505,167.3321716,1606.047005,8,34.3672649,43611.61697
4.753941783,167.1452844,1552.674518,3,13.38648842,64200.62931
4.328421328,261.0923269,3681.96913,18,15.78688034,62019.24122
3.716913148,277.8819805,2962.877657,0,31.7102381,75542.87891
4.550112066,274.0258624,1456.31285,9,33.16159495,83253.11293
4.312852269,127.4460512,2320.970255,3,20.49068457,55338.87503
2.152995206,363.2382588,2845.894075,8,11.26556181,66375.86615
4.623956495,179.6800128,1250.392255,12,10.98479584,65760.32676
3.387697847,138.8544764,3647.249105,13,24.34874665,49533.2181
4.326040543,366.624424,3410.810606,9,19.82237772,77920.34506
4.63631955,386.6954495,2515.620321,5,10.71631069,95926.15854
2.613012162,358.6382852,3901.379846,15,24.58130981,70426.49458
1.885181736,342.8548224,2253.282938,5,10.28256341,66614.48252
2.297773069,296.5725942,3952.330957,16,29.68429895,67537.64661
2.99487726,265.2572112,3003.759996,9,17.66082057,59437.61569
4.363051681,126.096028,2904.01382,17,11.00645008,38909.89567
4.512557041,222.5359639,1497.864686,17,24.70880552,72637.35388
1.524332457,211.8065551,3645.783275,2,19.94211036,52381.80655
3.287615559,177.9261351,2282.469064,19,34.34501033,50891.445
2.960938511,317.0260341,1486.700217,14,23.60496656,73365.91531
2.277377337,248.7627205,1037.82256,14,16.88097953,50792.87619
1.919528786,124.3138648,2679.267051,3,27.73597162,37751.67983
2.6816531,166.0549606,2582.198866,8,16.78730006,44432.27586
4.800183964,304.9776291,3158.060867,18,32.60608229,79456.04031
2.631210262,122.8392578,3670.774159,16,19.36804926,38448.6381
3.315767176,355.3620742,1238.219754,10,23.74671407,72470.77401
3.960566356,248.5439581,3194.489471,8,11.2643276,64239.41747
2.772703608,244.1759732,1562.235832,9,20.65303095,59350.77196
4.90123729,277.7223354,3574.531159,17,30.80908849,86934.23881
4.868565532,347.4042898,3457.190542,19,30.14122013,81372.61325
2.381238035,204.3427624,2622.381265,12,15.60796397,49968.91494
3.240369771,303.4048458,3130.728396,7,15.65197678,73000.60018
2.553074084,269.7195892,1943.05034,6,30.43263281,53620.99995
2.49694173,180.1084811,2413.503697,16,33.2599605,48882.21718
1.629104316,363.5889959,3464.910693,14,12.38402303,69313.29174
3.633475169,339.2278065,2377.795592,19,21.25146599,78287.61287
3.259376581,297.5355504,2073.394796,14,18.43635697,66928.28271
1.680175629,355.1745187,2482.637342,0,31.76721139,73553.57714
2.475262625,360.1882603,3484.747757,13,12.08812287,71418.87503
4.678930601,312.508893,2005.624142,4,15.27814856,73438.31601
2.338466617,351.1039985,1521.284779,10,28.81170844,73068.06637
2.007132052,309.2414385,3136.042061,15,11.28234622,56984.46577
3.213084661,304.0422315,3477.934638,1,22.31338452,69432.08033
4.949776589,285.5834135,1301.912436,7,21.05267587,92281.71557
2.34719345,325.8149919,1719.622338,10,18.36002947,72581.61189
3.852474416,147.5815316,1425.915969,17,19.86430788,42511.73512
4.165668654,364.2612278,2043.824235,2,23.24851467,89990.5135
2.331731404,361.5530583,2351.052937,0,14.03418396,81122.25233
4.04875722,108.7741849,3246.479011,10,24.29989696,39685.7077
2.787240965,347.7450252,2953.442755,15,30.13580823,74175.20643
3.713070407,138.6609602,2862.785702,17,29.00402324,48684.3623
3.717353988,200.5356563,2057.12484,15,13.84749762,48410.28643
3.375211394,323.0524769,3524.342659,9,13.73123674,74733.2187
1.816014195,148.2279688,2413.861502,17,16.70435919,39251.17078
4.423558735,345.3901072,3937.314814,5,19.02686816,93406.50178
2.622730227,349.6402534,2902.426415,18,20.21138954,68781.09228
2.152814786,252.2403201,1378.794225,3,26.99243042,70188.22163
1.642712995,101.9157615,3028.532686,12,11.4170108,15785.63013
3.568125301,186.11144,1975.312046,13,10.86681761,53343.10258
3.871475266,285.0780755,3058.98159,2,19.79776407,66771.91573
1.558057401,394.3558534,1208.923444,9,27.4290923,73538.29616
3.292325704,289.5440581,1524.644312,5,14.83588357,65640.46047
2.292735213,177.9410743,3567.211777,0,26.03761203,51195.65968
3.758104766,290.2017109,1681.538671,13,16.49570345,68938.03486
2.110282502,261.9956139,3511.123376,7,32.15215272,54974.05393
3.918282083,333.9536185,1837.828265,18,32.39224861,75165.578
2.853573712,132.0941916,2928.64573,13,17.43218011,49623.60739
4.778554961,328.3083708,3082.451721,9,15.74984385,85980.21814
1.981323305,262.3799736,2537.964259,16,20.2825993,44479.72835
2.693732229,388.8976012,1915.93203,8,16.01328963,81130.54878
1.897157324,202.5616498,1637.933129,5,26.80959608,46880.47127
4.736427664,289.7865679,1099.568064,10,30.65161711,79996.22131
4.570687737,379.6084317,1911.839204,6,26.82730327,96983.34817
2.402795697,130.7529184,2959.488372,16,30.60876118,44262.29342
3.809944161,381.1685462,3814.914455,0,19.92480406,84298.77112
4.360277701,306.3657167,3613.613447,4,13.90792427,78632.40068
3.443202841,120.3511177,3298.19433,8,28.44877368,43373.92613
3.353777024,190.2890701,3365.34203,17,19.01186263,54379.55152
2.346483018,312.4516266,2994.95471,1,26.78177063,67786.94772
1.825859687,120.2051804,1780.860573,10,16.76609855,31667.4441
4.640255153,274.6511381,3721.585092,5,12.03074087,73978.53817
4.6514632,203.7649171,3012.196936,7,34.81454489,68059.73075
3.7158551,286.2746553,2681.321893,3,13.9050377,79892.71095
2.686604269,113.7226101,1332.968408,17,34.71052485,49927.15088
2.722233511,361.4610418,2341.166631,10,34.43199831,79514.88431
4.040844876,392.0466908,2381.074814,4,29.8454526,91838.37433
4.63988591,390.6633566,3593.690829,14,26.48557405,84916.37403
4.604802485,324.8955495,2639.944661,17,24.44517626,77482.88301
4.229564411,139.025872,2141.201647,1,31.65253863,56285.89956
3.747110762,327.4789588,3930.400986,10,17.23598804,73009.58085
1.794489877,107.3760749,1332.16178,12,21.69203031,26623.17499
2.065700499,106.6370655,2267.645285,3,25.48474923,42982.88959
4.64493966,197.0830657,1126.074026,6,20.2797619,64702.15873
3.622501709,246.5929571,3219.712362,10,20.68716135,64718.89023
1.532189681,331.1222253,3754.229657,3,18.25711669,60524.97803
1.8551504,304.988613,1840.111989,14,24.10579542,65611.24985
3.822256192,233.7708119,3575.02503,0,31.2643632,67726.39964
1.517715543,182.0879999,1876.654691,2,15.03820945,38115.86329
2.06282818,399.13735,3732.310485,13,33.36082597,69925.27297
3.420568263,227.8543907,3261.885711,5,27.22719134,62414.44228
3.921633192,235.4161073,3414.720331,17,30.58183032,61702.86856
3.781864408,149.0871464,1054.019667,0,23.90476732,62250.77894
2.284942583,338.4428646,3888.431071,5,29.48791754,81155.79096
3.992627275,308.1046677,3180.012976,5,10.40500993,69204.69319
2.330371806,166.2308838,1914.253286,15,30.45951062,37611.22181
2.638898944,124.7143137,3488.183995,4,11.00347148,37496.17258
4.112719918,304.1497906,1844.563595,16,32.24783441,72349.79814
3.773715147,296.3533643,3618.261519,9,34.79906868,76939.55959
4.472281937,181.9778581,1337.741171,17,17.35168655,55607.42037
3.801645123,385.2590687,3111.057932,6,15.25796391,87676.84223
3.489080112,145.3173675,2622.09543,2,29.1340841,57052.86943
1.827861687,229.7004403,1289.603411,12,16.32565852,41852.04269
2.787005311,383.0847761,1725.681485,14,31.63905958,84420.75791
2.428208287,225.9181951,1037.212109,19,12.5710648,44263.58058
2.353963752,291.5577843,2406.303896,18,13.14887991,68664.86491
4.905536942,219.2783194,1903.795782,2,34.47878888,82011.90326
2.875842036,182.2645607,2795.072453,3,26.84597246,51933.38566
4.622162943,395.1932944,1891.713423,4,31.17218061,92228.99634
3.708985191,222.8002019,1899.757335,0,18.10823443,57610.19508
4.281839562,368.2297611,3229.579596,3,26.91209374,94703.81828
3.259229826,168.9863818,1144.428508,11,24.85604568,49910.64705
3.519163596,163.9314112,3708.684986,9,25.078753,56915.67888
3.223811928,109.3402249,3556.791623,19,27.06331149,50412.8827
2.183350457,295.5000476,3003.41405,12,24.38397933,57634.02432
4.028582403,210.5579031,2779.66471,13,20.72655923,54434.31586
2.482703269,359.307475,3676.907494,4,16.89806736,75152.84027
1.585105883,241.962972,1555.990539,3,29.21453327,58368.0898
3.759153036,390.4580284,1236.907487,13,15.65681075,79659.2177
2.119887378,155.6576547,1718.53051,9,27.30885765,41466.46118
4.791605045,360.5869504,3383.734836,16,15.83332057,93522.90726
4.83875002,332.9790558,1104.0108,9,25.63325425,78301.17233
4.702025366,331.2765534,2748.420505,6,28.67695668,88267.32581
2.795555451,353.4349684,3986.312549,15,15.46784722,69274.44991
1.554098158,328.3071973,3567.088282,0,11.49858252,63758.68381
4.749114969,287.8660965,2564.337067,16,13.27434357,78340.37684
2.998644519,139.3734633,1190.922728,8,25.14992418,45868.74305
4.883291867,109.7578538,3494.120543,5,31.23616016,51041.66527
4.87266992,376.2543543,2796.935525,18,11.12492053,85424.98311
4.485533094,284.9950944,1344.798991,12,28.35378148,83620.67681
2.530571122,338.9611873,1281.571854,2,18.53296615,73565.74802
2.84784205,244.4567055,3728.880458,6,21.96320925,64143.41375
4.47897835,135.1924567,3007.600789,8,33.22148875,57729.01141
2.609227018,137.5557377,3487.860398,4,18.29928762,46100.95972
2.093224613,305.6695862,3636.936701,9,21.63342335,60876.35178
3.448804419,229.0917685,2715.317056,16,10.34206037,52479.31345
4.77654171,160.157418,2552.339055,11,12.039968,60896.35466
3.936104288,247.478364,2291.282231,15,16.46478978,69562.56908
3.495214095,119.2626811,1950.839763,2,10.69630602,39713.92344
1.840117728,274.5914206,2303.787883,8,25.78438315,54407.44733
3.652525293,180.6980213,3321.638967,14,20.65995892,52452.56769
4.965188475,339.2677302,2805.770293,4,23.70363007,97847.48195
1.990294053,193.1085877,3677.56987,12,14.36617965,45722.7737
3.314153783,236.5660447,2330.140043,13,17.39830074,52109.2372
4.570805752,103.486162,2821.268736,19,26.59561187,47237.02672
4.092690162,121.7340663,2893.922659,14,34.13256809,48884.84546
3.939555093,217.7480669,2775.091487,15,11.26041934,52679.85008
3.958694294,243.9816504,3107.901319,12,32.25960802,67257.6499
2.758219029,280.0061644,1712.300405,16,24.42203003,60285.13676
2.527571455,187.4987736,2537.091333,7,24.09798917,47236.66971
4.332764044,308.4945658,1312.674408,1,22.50696338,79030.55391
4.335396881,358.0367192,2153.533983,4,11.73485215,92987.93101
4.534753115,333.9552967,2463.001206,5,12.24692129,81460.03522
4.696341934,111.8856476,2956.672779,11,25.02280014,52201.49054
3.289698396,244.1520842,3851.593158,17,18.52396429,58731.98933
3.255307031,131.4790535,2801.9532,0,32.93170166,47130.65397
4.294033126,172.6135048,3230.781749,16,20.16476343,56226.8903
3.774873758,395.998778,2518.798178,10,13.58203647,86370.85291
3.95688407,142.7486629,2902.312094,9,27.86797084,52963.32714
4.285274343,249.666446,1212.796648,18,17.33383554,61460.04803
4.615018696,285.4467203,1763.174743,13,23.13675768,75171.50287
2.682983049,310.7394912,2085.55928,9,27.44581964,72399.69018
2.814540334,267.894605,2417.480065,14,32.50660278,61771.70651
1.828936789,102.9312542,1136.946237,18,29.80477987,29839.50044
3.523980493,197.9383925,1420.072293,3,26.9090267,59959.62713
1.625797958,255.313493,1830.442923,1,26.99082956,57228.83981
3.129593063,126.3599497,3914.598073,8,33.6481161,48766.94132
3.399256221,205.1880794,1994.041021,9,17.39560244,54880.1811
2.502894382,109.9609326,2446.123174,10,10.02780235,28952.50916
3.567916412,123.5735491,1588.293138,13,16.79886398,37195.30204
1.606750875,219.0769829,2832.340213,6,15.44728449,51053.16056
1.630718661,139.8147262,1842.049647,14,26.54586463,37716.07465
4.379101962,270.2622545,1620.977735,18,25.84278999,74532.62888
2.760667245,306.8394907,2549.717885,14,24.83653457,70683.86246
1.944711794,340.1760097,1016.517397,7,10.40608608,64016.1248
3.32785141,160.0450733,1022.992098,10,28.21945136,47025.82747
4.194977436,150.2447747,1657.206427,8,18.08826031,48548.61455
2.255373596,131.3703521,1110.164088,14,26.62639973,31393.73077
3.680116665,290.9290749,1324.077262,0,23.91446071,80508.67892
1.798716127,311.9427179,2016.581948,0,18.56827314,61033.66732
1.680886024,109.4758434,3407.757039,18,13.36440668,31416.30678
3.35974121,380.8636739,2716.14593,2,12.36047244,82128.63408
3.392222926,115.5913851,2538.003178,9,30.78795833,41668.2545
3.731004655,262.3889006,1880.46647,7,32.95993855,64871.62469
4.041319668,312.7181558,3795.261158,14,26.24470117,74064.18173
4.915482278,361.2907371,2191.045124,9,12.58585287,95948.56003
3.307051219,314.2260796,1261.2783,0,20.05068042,69124.61182
2.630347655,340.5184249,2851.199548,17,28.22348,81188.86734
4.283151682,201.8350578,1341.51518,1,29.4955221,61921.69076
2.447912879,344.4475341,2035.669428,18,12.95546556,70150.49712
3.036399972,124.0344539,2522.235816,12,10.00076797,38038.31218
1.774597335,368.4449968,3622.667574,0,27.80342615,72371.3517
1.588727602,264.2777128,2480.639741,1,18.9149044,48384.75508
4.869269451,345.189331,3106.776298,15,16.36203329,84765.08281
4.425930422,235.6954854,3978.450517,14,10.32243674,59204.58323
3.935909721,293.0733086,1394.46736,12,23.50748517,64484.86934
2.931335305,257.9207983,1824.194577,15,31.27876839,61926.05286
2.10653012,319.4768565,2183.728227,16,33.94079116,61915.02766
2.047529649,124.4889946,2265.484536,6,24.14362377,44909.62098
2.375850144,118.1056252,2233.063226,16,22.86153319,39565.82264
3.422293326,174.1309702,3722.833008,6,12.12640964,59932.70825
4.001085729,147.863404,3142.097933,12,23.72182004,48555.47978
3.810690819,361.53507,2823.715642,4,19.49947697,84850.42345
2.479768639,165.7641962,1928.118154,16,25.17838202,29740.95514
4.842028482,392.7595767,3471.371153,2,19.7181587,95437.02995
4.082639208,201.0687375,3865.181534,6,16.00747809,61405.80875
3.440239184,154.6353747,3463.594848,16,12.37413188,46414.76623
3.641022612,336.9095521,1004.695316,6,17.87296111,77787.28034
2.968600218,297.6123327,2909.204111,0,12.41612086,68820.07928
2.367058463,249.4587149,1153.406144,16,14.42242377,38737.1693
2.745904375,266.6090653,1772.821661,16,34.68340396,62985.04472
4.152461387,315.7605335,1178.574101,10,21.10258892,80304.74179
1.55037721,168.5364224,2811.386359,2,23.29679416,47444.86695
1.906254242,398.9001748,3059.76974,14,31.84046322,77802.5428
1.661009247,392.4379486,1343.462914,10,34.88922251,74085.60878
1.642550808,295.0977059,2151.516649,15,24.56786123,62131.09673
4.494112044,159.8627353,2368.709527,8,30.31184553,47787.63449
3.962802508,304.0684727,2107.159065,0,18.17352561,74831.28275
3.159608402,121.6595227,1363.075001,15,17.64359894,35838.4721
1.842419562,109.1957507,2256.843371,8,20.06759302,31168.57782
3.220655563,177.3048666,3253.534143,18,26.81268157,38760.098
3.157151198,238.786887,1213.022994,11,27.05479223,66869.83279
2.106206545,360.4817516,1240.540042,18,17.88098587,65990.96424
3.018480772,318.1507209,2064.313876,8,13.3302481,71124.8694
2.89476657,322.8119564,3825.177135,6,25.80990641,73927.63228
3.655475343,227.6480003,3005.71794,13,13.20814655,65390.74983
3.722827778,203.7804978,3036.00987,18,24.46231271,47416.78295
1.658564034,211.3116289,2085.759973,18,27.3355532,44352.56104
2.811144151,396.2948691,2780.982374,1,27.51528741,90612.38469
3.690509705,112.0327574,1030.393552,8,28.83680277,45721.98858
3.260976905,360.1094488,2908.288139,12,31.82148554,75432.86343
4.497714444,273.6026226,3739.860843,14,22.4989748,70552.71104
3.805427711,231.5846258,2837.720405,2,28.25622974,65029.76786
2.070270495,317.5772981,3621.09578,10,25.47931838,61343.32087
1.746990616,246.0006824,3171.919166,13,14.66599849,48032.56462
3.748467474,362.0269714,1361.675249,7,10.64224112,88385.33832
1.592789587,370.2105592,3707.359922,17,17.11353464,62758.46607
3.550214534,226.5162781,1199.331533,18,21.07584266,55445.60842
4.790805845,183.0483392,2601.902418,15,25.42764861,64397.70492
3.514159623,277.7050986,1426.411371,1,31.24898326,71615.85925
2.858594742,373.7090037,1035.119832,7,14.90614292,70508.84063
3.751508765,163.1986567,2266.10278,5,13.13874475,52015.38717
3.103885117,286.8899751,1885.122123,11,34.08699869,68160.65908
3.409658763,289.468066,2458.001481,14,12.70111398,70998.03606
4.795126831,319.9339067,2731.59966,7,21.96227675,79533.98712
2.851359232,139.4703055,1131.217217,3,24.63909322,50045.71996
4.864166973,314.7474894,1369.009885,14,23.53436052,81552.81225
4.668727247,372.7097562,2675.927189,19,12.15080393,80313.19203
2.185268972,153.9049327,2029.50206,16,11.42567285,29729.76612
1.742764553,171.2629975,3187.520463,12,12.63708569,47125.66536
1.852723005,391.4185282,2956.874946,17,24.6396921,71301.57356
1.56377639,154.2930858,3536.813089,1,23.60862219,43902.00524
1.830550363,356.315528,3077.47848,12,15.8435198,57904.78442
3.890523707,247.6833569,2289.793232,12,25.94435355,79621.47328
1.74916027,174.1693223,3018.899867,14,30.50168755,45339.86086
2.616414706,361.2249704,1826.143523,19,11.039474,68094.57093
4.457063588,233.5915765,1918.940496,9,22.45324859,66881.79012
1.581451775,254.4452062,3366.95548,2,27.2327603,58429.87715
4.350639689,207.7700108,2339.258549,18,16.30779818,63335.29923
2.486491712,277.8852554,3395.141022,2,17.69427263,63618.75943
1.913576897,149.0571618,3467.267121,13,25.34094757,37669.64927
3.938580079,217.324461,3572.687013,7,32.44838234,68078.27899
3.701299964,390.8236967,3749.905708,3,30.24811051,81723.73973
4.571152047,177.4400298,2292.955662,19,24.57825548,56431.93747
4.072748653,297.0209994,1956.600455,10,28.25554294,67870.49987
4.312183256,197.5570193,2746.59624,10,19.12056176,64215.22901
2.487121004,332.0419377,2113.51727,10,26.0241382,66464.59892
2.121038403,139.2620982,2803.2225,1,21.65453978,32470.24562
4.127151631,390.9463135,3116.757588,16,14.74840341,82336.10802
4.323921587,236.1368624,3065.215055,8,27.54345685,70156.49586
4.966767997,170.815139,2123.658661,1,23.91161593,64270.55984
2.944161869,122.0490242,1500.580605,14,18.96553955,32943.92795
2.8020633,150.9273715,2291.588015,15,32.78347975,36244.21938
4.217445363,255.9321846,1427.782432,3,10.52335295,69771.83623
2.692812391,201.1009529,3670.291106,7,17.89432878,48323.91312
4.75765064,348.6650098,2037.632382,8,11.42203494,84604.83586
4.504444631,229.2662571,1463.379242,4,29.16318291,70047.93748
3.001479096,174.6142818,1076.34328,15,27.55268635,50578.6303
4.128048737,285.143496,2937.467159,12,18.28380547,76546.85259
4.140900059,312.0331651,2910.706952,6,26.89157256,80684.27708
1.860933541,150.1125724,2021.8125,19,19.89843065,32625.15652
4.658935173,150.2857649,1215.135667,16,28.90634479,56503.52473
3.268383304,111.0014281,2228.886685,2,21.35459157,41949.40815
4.392601131,320.9206045,1933.652485,4,20.3069932,73921.66097
2.620173604,299.1413583,3031.361919,18,33.36824789,70552.07179
4.6343313,242.3892627,2817.337748,11,16.2719775,73833.76587
2.862205876,353.2511347,2093.781185,6,13.0111835,84185.77424
1.53793178,341.7010459,1653.677663,8,24.61357783,76276.62698
4.668836917,275.6063093,3964.107898,5,34.23304531,74282.1348
1.819503369,360.4813842,2362.004864,16,19.44598034,64693.32864
2.617597732,161.752363,3064.822707,15,11.55091909,53566.88492
4.825216885,133.5758858,1421.658903,2,18.48263168,56991.0061
4.827125014,180.9248835,2456.769099,3,22.64829136,66270.67422
3.507032608,117.1260568,1082.61016,9,14.04807517,34838.62409
3.711430243,259.3508584,2516.365354,4,26.45255545,70227.86778
3.069559327,380.9817077,3892.052221,9,34.94373473,93361.0307
2.526237701,111.8030622,2152.620139,11,21.2934869,42276.47369
2.650325909,136.6329742,1116.988038,9,18.86821392,37294.34478
3.853814596,235.6597085,1092.867373,12,20.01760417,60966.17092
4.133310853,380.1625053,2163.96028,10,12.87865446,80311.57325
4.270526653,194.8468315,1480.074809,15,32.08184004,57077.27856
4.2636635,252.1704426,1070.056289,7,20.37064139,60308.29078
1.819221361,112.4718577,3268.640842,7,19.68186029,31671.33003
3.230471066,144.5029603,2375.569027,7,26.49225682,55512.86008
1.70145566,395.9890369,1867.734316,12,21.05083552,74069.41874
3.423351088,389.5356089,3700.249549,1,26.20583672,94906.21116
3.045356755,101.4819943,1348.416881,11,11.53615725,41182.95826
4.60696464,385.5435356,3867.756487,9,30.34308359,91488.41039
2.728202544,291.7359813,1941.900152,11,33.51259882,62851.1815
1.909734557,360.3754884,3665.211017,10,26.21913465,66795.41151
2.000470887,236.4219567,2808.828629,14,33.86414822,44015.87534
4.165287211,254.6788086,3480.122079,15,13.78580786,66473.66891
3.663763222,246.6539741,3952.03949,16,21.93540474,48499.60553
1.853929366,300.0592773,1865.216313,1,25.04516835,66025.55163
1.794373821,141.8953764,3883.406456,17,24.54341619,34789.69242
3.95339196,108.992077,2168.445685,11,20.03654448,47520.75263
1.754670522,192.3789825,2156.535714,18,18.45211023,45146.35163
4.376510208,311.4042288,2021.161313,17,13.17060056,76278.53109
3.971847795,160.5560356,2624.222822,16,19.79356126,59727.75542
1.784720732,302.02973,1462.43513,5,14.06652038,62513.02478
1.796931999,390.9736138,2661.134456,14,28.35914191,69442.98711
4.953238525,128.1702147,2625.114437,2,15.22077339,55678.82424
2.809947785,301.7806355,3285.705438,5,11.46413263,55080.2423
2.797247515,233.1250658,3500.949886,2,23.80915345,54900.56094
4.344798485,360.4426763,2321.324051,0,24.88074332,88015.42229
4.815370021,153.1449368,1906.999748,12,31.79782653,62551.66397
4.951003723,307.7877857,1778.004692,13,24.42454031,78413.89777
4.136823648,351.4345869,1583.87151,12,18.63702134,75885.81207
2.816908549,383.3842658,1172.942747,3,30.07529704,73137.98816
1.792252508,304.9744085,2027.343937,6,23.50697233,58616.70449
4.220014206,249.1524292,1810.743076,9,11.98200712,76725.77287
3.454414874,285.3541721,3899.252158,6,24.14626401,72148.66834
2.984777032,360.6714953,2673.126479,14,32.70046364,82566.77861
4.672240348,271.182924,2041.831117,14,19.90781564,69072.77922
1.889191188,109.1161179,2741.402803,3,17.40814505,24854.41677
3.224187865,379.2846087,1417.590104,5,13.58673643,74857.48434
1.539737757,306.8580253,2332.131248,19,13.78613805,53844.86641
3.140312247,302.9540157,2878.702964,4,20.81928711,60994.24189
1.697061465,164.7025457,2466.693495,19,24.8919956,31323.59785
1.915862707,297.6656411,2205.336402,11,12.01538513,54673.22599
1.911341864,218.1593217,3981.545167,0,33.48921473,46992.81675
3.772236057,295.3698931,3640.944286,7,28.87834044,64496.57823
4.111157077,131.9779091,2870.217874,0,24.66559796,55530.21756
3.541790678,297.3535914,2708.132084,4,30.71096677,75108.75045
4.86760392,399.8241177,2861.981439,5,12.00466892,99415.32451
2.812047028,114.4636117,1603.936323,2,21.92097194,35406.72385
2.499992302,393.1522553,2185.41323,14,25.75232817,81659.9464
4.540096949,222.0723882,1118.378599,4,30.71632265,77904.9981
2.282585435,361.2260351,2426.638112,13,29.586739,73975.75239
4.871278888,334.7156452,2629.073752,17,16.92673124,80067.77853
1.542540661,270.1048783,1683.249208,15,33.52200424,54579.97031
4.894575893,321.5347628,3892.086541,5,13.10864604,81103.45524
1.651059692,363.5546684,3728.363833,13,31.87834047,65190.54117
4.619000898,221.2420965,3166.429706,7,34.27350624,74323.6099
3.346953882,198.1099485,2600.159886,6,14.42883808,54055.71744
4.975376786,300.2780157,3609.907479,7,28.05165161,90127.12994
1.758287977,342.3537826,1391.957031,12,11.00713797,60328.78728
3.438489995,328.6855404,3371.529383,5,20.13557063,74867.80813
4.892558875,339.3440947,1374.462442,17,22.90708248,82073.28033
3.330842455,230.6749944,3382.631988,1,24.51613065,57595.98168
3.702895233,345.3502649,1827.302705,7,33.39843121,86740.07764
3.935120411,136.0627166,3631.271743,10,26.80626718,61971.31648
3.090893727,263.3467294,3832.126281,0,22.03194878,64399.94431
3.69645328,101.7275981,1446.387908,5,30.24187591,42569.48573
3.545100092,197.375749,2388.026815,15,33.76332052,53425.71504
4.654053037,209.9384605,3942.962134,19,10.55165372,57869.39736
1.659062331,218.8518075,2450.222308,11,34.56303181,56792.77669
2.483371164,308.640162,3590.642568,10,12.15330348,60236.00906
4.826440194,216.5674304,2766.194566,9,30.35966948,67269.03472
4.615923244,234.6080868,2125.989724,2,17.00836881,64527.77617
3.094798635,171.2632393,1857.350667,12,13.30449144,48253.68862
3.670464092,211.9755375,1609.669273,2,20.99639099,61074.64351
2.47083414,168.1808882,3285.394574,14,26.09891449,38513.94014
2.158424059,121.9587771,2159.62152,15,19.52379613,28775.32053
3.122944417,281.034578,2533.826387,12,11.36413521,70860.05679
2.736732798,300.4638396,2476.97644,16,24.98652849,65082.94529
3.542796391,285.8471038,2731.837088,2,32.5600819,74643.45109
1.772071229,239.0482131,3596.731437,19,19.58038415,47725.42282
4.910381827,213.9357341,3942.218031,10,15.40831944,74306.26733
4.951737606,359.0000949,2222.752626,18,21.06443365,82543.54291
3.943565999,255.7245355,3482.556766,10,11.20906778,63919.98963
3.376337282,243.7545633,3293.583384,15,30.51218961,61613.87403
2.583346657,107.6926197,2720.586854,2,30.65852027,31707.26186
4.348282569,202.3743483,3868.141431,5,24.70001159,60427.05325
3.896559104,214.0586856,1601.423547,13,18.82757222,64803.88986
2.069159288,219.6468343,1327.792631,17,29.99458411,52396.68298
4.688245146,274.0517108,3561.885901,16,23.86717562,79296.61931
4.37888035,260.080764,2317.44945,3,30.64830771,72411.97737
4.824299697,282.3715278,3540.906563,14,25.78646981,75462.82613
4.040018279,329.4649785,3679.270616,10,29.61013683,72417.42874
3.646953186,343.8957216,1187.372781,2,24.96407483,86402.99278
2.963850627,315.4369229,3650.394289,2,20.35352671,77746.53836
4.764549692,386.6571088,2344.957166,15,33.9486465,99528.73973
4.531223613,105.4697748,2531.297467,4,23.52784562,59571.3164
1.658265345,158.7333957,2879.777533,9,25.12723796,40429.81284
1.592284411,102.2688625,3779.14782,18,15.51219099,32728.99719
2.817621784,294.2424142,1057.348283,3,25.64126974,67297.06518
4.336936658,369.4091647,2430.530405,18,24.29019124,76879.02381
4.955466453,173.044689,3063.166127,10,14.62095995,65485.41712
2.026459119,378.1103634,3168.120873,1,11.48967743,64513.88238
3.579457504,118.0802171,3077.597295,9,25.10898299,46556.56139
2.833117998,380.330808,1403.305388,10,29.09230673,84757.18863
4.894700392,205.4868062,1898.186765,19,23.08503427,66003.86186
4.447416231,130.4262485,2076.146576,15,15.66931563,61136.15869
4.434150466,245.7615278,3413.311623,18,26.66304942,58688.90967
3.140426059,177.0329703,1836.279617,10,12.00264317,47891.40916
2.951868258,185.4618706,1632.114892,13,21.04584262,49205.22722
2.456924752,192.1869895,3872.344057,1,14.08416896,42597.31021
1.697314238,340.9077693,1026.589855,4,14.61147628,59176.31434
4.526528317,261.748383,3993.462567,4,15.05734873,69332.47487
4.345153532,193.3923097,3030.463897,18,19.66767643,53066.31278
4.999011857,283.100135,3485.407898,11,11.27875514,76570.9626
4.98822893,314.8452023,1883.858189,17,19.94483602,78395.29719
3.44401097,181.7872002,1042.945833,3,22.79268618,56832.82514
4.191455953,224.0647305,3213.608556,16,22.08235712,66456.24671
4.806680055,136.565828,3502.433791,9,19.56960251,58954.93664
4.473765867,154.3448049,3221.428396,19,30.9786652,53557.46929
2.365718356,304.3353562,1428.550862,5,13.63316731,65145.0537
3.076904474,154.4315043,3260.283767,13,22.64241859,51159.24201
1.952057953,257.5490151,3306.768346,10,11.55103542,54496.1416
4.839178595,312.7138785,2975.621547,10,11.77889197,90027.12312
3.621611221,132.0630769,3298.347798,17,24.34664624,50500.63383
2.300249819,270.1936659,3537.764319,17,24.15046062,65660.47897
3.850952395,176.9688351,2840.812343,10,31.95083782,44998.60643
3.663448842,388.8780626,1265.814142,11,23.94684189,86201.76309
2.753569513,245.063694,2462.883429,4,33.99477551,60506.40998
1.897451573,341.7977649,1232.948004,8,11.21737121,64016.99094
3.850506185,265.0679626,2222.629093,8,12.45019212,63223.50483
3.321076953,113.0237599,2221.319467,9,11.10164654,42146.69285
4.203114371,289.9454127,1198.029532,18,14.63192126,61637.8205
3.320572254,385.4210027,2046.461602,0,23.53175277,88189.98337
4.482635251,280.483546,1332.994296,6,26.13930454,73286.88233
3.431673936,345.7566578,3424.70563,3,11.13962895,75396.15269
3.4632829,365.261939,3843.064078,0,33.64927225,88723.24727
4.568287609,168.4239316,1216.949426,14,31.05413442,59889.70841
2.912190032,163.613452,3865.345622,7,17.41531205,52353.08411
1.9690533,283.2942967,2567.729798,11,11.92968826,51029.48368
1.600739367,223.3085409,1898.697034,17,14.24717683,42427.10322
4.142980395,351.9583909,1230.586226,14,13.17361034,84919.32629
3.67108343,370.006937,2501.872804,16,13.08209448,81321.41674
3.964279188,206.0264138,3383.546633,13,22.96404222,62151.40542
2.245374565,171.0611677,3121.259432,13,16.14618606,46870.5005
1.977300165,334.1576546,1150.678034,17,18.95349291,60854.37128
1.55090633,182.4418107,1218.705506,19,34.73763333,36629.72929
2.727056456,346.7842956,2208.619848,17,27.10785622,74749.85692
3.564711904,227.1214761,1885.871482,15,33.72451668,60896.12494
2.872854158,300.2649698,1697.152969,0,13.56391388,73812.95578
3.031162227,128.6605942,1843.013497,10,19.55348687,43645.39197
4.664555431,287.1577974,3410.44823,14,23.86829508,73864.55289
2.718894135,235.5303036,3787.684161,11,11.91895155,55895.05176
3.298963212,275.982539,2215.308084,7,10.10468609,60340.62384
4.242785545,150.4042623,3718.333006,19,26.76085834,57390.61877
2.887899738,321.0621235,1964.487104,5,26.04548792,65490.85016
3.677303451,358.8391233,2429.310959,2,20.26972025,89617.12526
4.518272981,165.02194,1678.086993,12,22.2411019,59169.4222
4.823322183,128.7143667,2921.428127,12,20.38607501,53309.10606
2.014757183,107.0915758,3936.943346,1,10.60012612,36591.1213
4.743056688,292.5914501,2810.479288,4,18.38429016,82685.70145
3.222407026,282.1282108,2073.442252,16,14.42705638,70028.08896
2.403855359,264.0092238,2943.452338,5,12.46060473,64614.49119
3.106975147,169.5841288,1368.762035,1,33.91801085,55705.25215
4.930114013,217.2717988,3665.977241,3,24.98399313,67572.70854
3.224163329,278.3429006,2509.251852,10,28.21640711,64758.16518
2.650630636,249.0300577,2348.049226,7,17.88409358,57497.11723
3.71690299,396.3356561,2757.594365,11,19.82867824,92094.53233
2.340509666,140.9319258,2874.351588,7,15.92309985,36900.91451
1.765521648,308.5433662,1215.327419,10,12.42414177,56503.34771
1.951079027,221.2956304,3047.851664,19,14.47579094,53898.37942
1.948160436,228.4598845,1725.795041,7,29.93785113,51617.3424
2.031659427,315.2793297,3141.857898,7,26.93864513,62255.9566
1.985895104,307.7308454,3467.604383,16,23.6732219,64572.28794
3.743061607,397.3767981,3411.875523,19,21.87724682,84885.10402
2.136580295,138.5182868,2657.502902,19,33.06085709,30229.48127
2.709835492,131.2328948,2560.509677,15,11.81837369,42234.12975
4.638759435,317.3016451,1428.627884,13,17.01502033,76120.09585
3.158865741,273.5160751,3326.038451,10,18.74844634,64772.2964
3.836452085,182.2482,1814.228141,6,29.56064531,58326.67371
2.103119549,123.8258107,2490.086268,15,34.8128655,37406.80467
2.173011566,125.6974749,1852.822279,12,16.01676287,23084.24886
1.643040157,368.2572624,1401.485089,14,31.85768335,67516.20675
2.091272721,157.5601974,2888.673091,15,30.76556901,46127.97238
2.475066187,197.0114686,1162.996104,8,15.61643494,54160.29741
2.119536695,167.9969207,3245.935702,2,19.9833145,39125.6931
1.810458868,206.4988917,1952.760386,18,20.24182173,47289.95348
1.922225549,120.8271528,1000.404079,19,34.45551671,29163.68715
3.112725688,255.7179373,2533.387418,4,14.52229753,60485.2461
2.222168014,120.2837691,1140.555726,9,29.97894928,35511.72063
2.774944514,340.1069523,1828.508673,16,18.35481785,70221.3383
3.261960448,170.1136246,3120.929462,14,28.27175864,55436.13672
3.9163819,262.0035744,1188.068865,7,20.50027511,70275.80093
1.637592489,364.0237263,3518.015477,14,24.45899408,66831.44948
4.297936396,295.2632107,1011.459768,13,30.81529433,81676.94337
3.697651363,259.887336,1740.471608,19,30.10413912,61522.27513
1.786156612,197.3001259,3222.712168,6,31.66057959,46888.68631
4.557525184,199.9005739,1948.810449,11,11.49043313,66254.51724
4.723053402,300.8460866,1305.677164,16,27.30126383,81756.20605
1.713772859,398.2418084,2080.701756,16,13.49968442,67717.23862
2.469071769,298.551757,1811.179859,9,20.3954642,56242.8109
4.321704479,267.3350252,3528.135706,18,23.71471038,71955.04531
4.118908916,319.1951531,1940.043753,13,20.06848712,69319.96554
2.145823568,239.5616837,3366.797415,10,22.9902919,52163.92857
2.232722632,118.0427028,3675.616434,1,34.91315772,46647.96067
2.79665236,268.6890448,2301.452259,17,13.38043284,60900.09348
3.195830448,387.2875854,3729.829432,6,26.88640113,74668.92716
3.6638917,152.5908827,2131.954162,11,19.90002416,50644.52749
2.791197738,307.0014672,3892.235249,1,13.32524497,67136.25073
3.118871506,160.2801066,1267.868574,19,13.96841908,36852.78706
4.116148283,260.7483053,3061.0578,17,33.73182766,71858.96736
1.62839121,129.0029349,2481.442121,5,31.99003742,33684.78537
2.383529305,235.1112809,2162.946416,9,32.67604901,53791.52616
3.996723551,326.8489987,2898.135636,19,34.7883194,79461.93125
4.633223932,204.2714573,3111.571275,14,15.20788475,59407.75466
3.290871047,299.4735173,1013.089809,4,18.88598343,71215.61875
3.362397198,338.6349882,1500.859266,19,26.73047575,71311.67118
1.87510204,378.1533458,3139.138152,2,22.0950635,71603.24918
3.065943284,170.3926246,2999.156241,4,20.45973833,55476.92443
3.364160433,219.7947747,3898.142515,7,18.94528123,64460.38217
2.348646763,145.724804,3283.113371,7,24.8445158,33281.50254
2.442351308,397.7450506,3852.318123,7,24.38983572,84042.01174
2.820494571,378.1002904,3107.621505,11,14.03644585,83580.27405
1.570249192,261.9871391,1894.156626,7,21.79349594,60714.22981
2.62727708,352.6099883,1316.094767,10,23.83679441,75914.91427
2.240068024,256.2873932,3345.47159,13,24.25717347,50457.12487
2.646240733,287.0757064,2932.447664,7,15.25267982,66271.97079
1.919167461,126.7373296,1144.558037,9,28.55678481,31338.77847
4.616845483,326.5811261,2080.151398,6,10.62997737,80332.28722
3.577573587,138.3140451,3870.399446,16,18.87079639,47453.77183
3.876858117,347.8202891,2501.203437,3,29.50531621,80788.55738
4.262099335,334.6084263,2298.187408,12,24.09732303,75973.05984
3.244547696,312.6234093,2373.098815,3,16.52906081,74814.64379
1.804221008,110.8481142,1626.648172,4,27.37382798,43192.98043
3.379872896,190.9385068,2106.121513,3,24.1847736,62874.23697
3.553943913,178.933771,2109.439768,17,29.90609024,56556.70996
4.10903816,208.0409222,1157.065061,5,28.37562965,69271.87157
3.010808412,126.292824,3302.702886,1,25.25269805,48619.26016
1.94653106,381.0873469,2249.513296,10,22.20444188,74929.11164
2.49321567,266.1406722,3466.53966,13,13.32955314,61325.91828
2.770788037,191.6572932,3551.044003,4,16.53332545,44119.16867
3.760710345,219.0944551,1635.982164,5,20.47748682,63109.26098
3.497724066,234.1607622,2972.060447,9,24.98248218,62094.35028
2.746338541,280.1783,2416.845412,7,22.84269638,64597.5373
4.952803371,254.7038283,3640.470214,13,17.20461315,70837.35344
3.620211868,375.817592,1647.222038,2,10.16160894,86078.32729
2.330293771,249.0890449,3033.439601,11,22.40598055,51373.65711
1.856238654,397.6474044,2823.256367,15,17.14064971,69464.28782
2.035006987,355.4274873,1885.904433,16,28.36520752,65539.99483
2.360852049,162.5531543,1409.802711,0,10.59865663,47630.36255
2.062384806,379.1785644,2954.919281,9,24.62069528,74069.9837
2.152984584,134.9099194,3215.792374,9,33.53685594,37653.74796
2.49783309,345.2349125,1946.882031,1,14.36023168,70364.34278
2.106807584,214.186988,2934.497812,8,21.79123727,49440.25139
4.638678986,363.3922961,2185.392723,12,12.2855498,94384.66042
1.78081811,360.417007,3139.62065,15,25.64204781,61602.00983
3.335789863,341.77762,1597.645825,17,23.76329201,77966.90961
2.936388894,337.0091309,3670.645008,18,20.18413811,72836.36021
4.938325159,191.4037417,1862.228789,11,23.03442554,60543.34125
1.892136158,124.2757849,2103.357963,7,32.41436646,44024.23218
2.892494597,220.8940536,1174.275856,16,14.90735756,54494.29916
4.893146516,152.0573545,1334.536637,14,10.56411279,52701.69216
4.529274941,308.4853267,2547.585708,9,31.54162212,72798.49852
4.359752248,203.829918,1802.77803,14,24.42792706,63284.62862
2.402659895,392.6830603,3506.440677,14,32.26646139,78451.93079
2.098106556,292.2916232,1044.080166,6,24.92363059,56770.46687
3.84025127,346.7441691,2137.282146,12,30.25402725,76553.57408
4.752815962,139.7574018,2012.03664,16,20.74183408,58326.64549
3.448670126,358.6043447,1057.982893,8,28.74649828,71713.76428
3.500644413,376.8271572,1373.105197,7,32.82603667,87339.82661
2.479926828,246.1185756,2240.928025,19,24.30307409,52948.88969
4.193225266,281.8758813,2478.593753,17,14.51962876,72419.37771
2.15465312,329.4429403,2212.869242,12,16.71994038,63214.04975
2.632877327,152.4515882,2592.813035,15,14.96611442,41776.03984
2.989027535,250.7698229,2785.395025,8,16.17142569,56216.15611
3.276636325,219.5989083,1029.771463,11,17.66038623,56068.29749
2.348434063,143.9121976,2392.285478,11,23.87834467,42425.41351
1.901928887,210.2603267,3890.497723,5,24.69979074,49824.96826
3.637170149,120.4516928,2557.09684,18,20.66249368,44673.39728
2.510206936,107.7435721,3032.626802,6,25.3855195,32977.00713
3.534333775,140.5498867,1935.591574,2,12.03937314,45064.43957
2.040269503,388.9345335,3321.974134,15,12.19470593,68358.70336
3.183990356,264.8588608,3318.764446,17,14.29573651,59057.21302
3.364063014,389.7466483,2563.888143,15,22.95193745,89406.51782
1.681382379,229.7493635,3928.04147,6,15.34986697,46516.76909
2.678114974,193.5448399,1376.650644,3,17.08211009,44852.48565
1.970451369,251.8425589,1050.842995,7,20.0078209,56389.50463
1.721812397,231.8535066,3310.474635,12,30.2966531,56685.35547
4.964860813,131.6994053,3421.466612,12,10.3465534,47356.48123
2.628238457,292.2478944,1360.621687,16,26.23447051,72817.92558
4.33456056,164.8114548,1796.748499,16,26.72191328,58043.2575
2.391242292,285.8763865,1052.65709,4,29.96639451,69793.41828
3.885259528,295.0603277,1879.925832,5,33.31882348,84330.97389
4.16079751,145.6074559,3319.425622,18,10.50344622,53194.36354
3.584735592,118.4048881,2553.881583,12,13.84459264,41980.89922
3.15051666,334.2284758,2044.28678,13,32.15428235,81216.09254
2.9414432,237.9401271,2115.217885,3,21.46296405,61369.7567
2.721038933,117.4491387,1004.060877,6,24.11476597,45340.83232
4.753352005,398.4598952,1899.401583,7,26.57568009,102636.8421
4.407167927,117.3341683,2939.376225,12,26.97666511,45379.02605
4.877594187,308.5105687,3922.583331,5,33.29351008,90334.46895
1.935040282,395.1036776,3541.182481,5,34.92373544,78094.3576
4.058036163,171.7540313,1070.784894,2,28.00393652,60075.2553
4.784191599,142.6748106,3695.681814,2,17.18053023,59101.26894
2.134315732,136.4154818,3349.59524,12,31.99381006,39306.06454
1.732736936,190.9825443,3341.128371,1,11.23052286,51008.497
4.093922273,130.3137433,2373.987277,15,15.77702132,40502.48099
3.510655896,307.6484025,2194.015879,5,32.43464294,67535.86663
4.446400719,118.6875394,1908.747186,7,16.40478786,40824.1926
1.989203318,252.8266384,1197.084577,7,15.51627649,58436.81253
4.283435592,399.0090562,1684.70609,5,13.45313233,87495.78779
2.20569562,344.1910809,1739.810905,13,31.47779394,70472.98479
2.0727958,284.5658315,2452.231209,2,22.50145648,61011.59724
2.074930293,191.8760862,3242.33322,9,26.87233008,42196.98194
4.351011521,287.1687509,2421.429485,2,15.9766596,80869.39728
3.828190272,258.1124392,1173.533348,11,28.95101053,67601.79172
3.330728987,227.8250152,3873.369403,16,29.00013862,58074.8814
2.755906694,139.213113,3828.172957,4,17.81495062,44466.29507
4.570201893,365.9812646,3355.568629,19,20.26706583,89516.99025
2.873557876,234.9353946,3973.983705,8,15.24225694,52003.58124
4.358098038,158.3867535,2633.446998,19,34.41402558,60338.78555
3.03697218,210.3278053,3888.305051,6,26.14006443,64262.91754
2.819305503,224.2389258,1226.815122,3,33.36359702,52258.44797
3.11937925,348.2613687,2097.042245,12,17.58463859,75802.69111
2.55482256,320.0843142,1676.143804,12,29.54727282,67016.47731
4.116632831,330.7914681,1587.499252,9,29.1464661,85378.096
3.259521365,103.3093793,1422.408847,17,27.2913913,32872.52042
2.312744433,224.8461995,2867.240925,16,34.14097438,60662.47514
4.648511006,244.4032455,3343.965567,19,19.8388834,60097.15963
2.843619275,105.757683,2734.895198,19,13.26793309,32048.14834
3.402435014,177.9439626,1440.888129,12,26.79272148,54726.84179
4.672652388,328.0869469,3433.37131,16,28.23274501,80023.14779
3.684832986,141.1329117,2907.864121,3,24.37651434,47303.63561
1.909143142,260.5930394,2164.497118,0,15.17044733,57031.12499
4.789412433,164.5605616,3022.390887,0,22.61139854,63725.52875
3.696978186,103.6362324,1779.714938,14,17.80474341,41170.86468
2.672169651,172.3604373,2035.576625,12,20.6866632,49797.14367
1.987452254,392.7621265,3752.457529,16,26.1304644,72030.70567
4.279088162,340.4611336,1871.513517,7,28.63036857,86621.12684
3.670254646,387.8729933,2409.964804,17,15.80561727,79882.83389
3.367113822,246.3562132,3670.423412,12,20.13313402,57437.29279
4.628624041,132.9208596,3123.164051,13,16.72903927,50985.14475
4.260090239,264.3878467,1186.609678,7,14.96579035,68115.46275
2.030862079,236.3132004,1441.909133,7,29.5846805,51524.31353
2.591027237,353.3071248,1023.524772,14,32.73131736,79510.8649
2.369711989,129.4247742,2892.765371,12,19.25580464,35560.89679
4.103812024,246.4723411,2343.020276,6,28.78197311,66808.00065
1.617363522,145.0145994,1402.824553,4,32.42488223,38779.66979
3.494613897,197.4027781,3873.802363,16,31.15310526,56799.23521
4.1686054,321.2071232,2588.979172,15,14.57033471,70358.76291
4.568679729,242.8054388,1725.679882,1,33.90729704,73736.13795
2.697286121,212.7664855,2501.810713,17,19.41691101,48386.2984
4.374400566,218.3428836,3038.860998,16,18.48101653,62015.49064
1.887211079,237.8340305,1228.717654,6,11.56078318,53271.12417
4.462583021,335.5049632,1824.111445,12,22.15434135,83442.87554
1.946210318,367.6254067,3420.896473,17,12.72534039,73036.21734
2.890505517,386.600406,2378.994611,13,16.21349552,77983.79576
4.29053378,336.0710159,2639.731426,17,17.92356554,88337.48464
2.024710996,194.6220687,2298.448007,12,30.22065809,43966.23343
2.302379883,306.4404118,1131.699828,10,31.88721626,61838.69227
4.027883989,231.2809372,1497.249339,15,17.56165794,64935.62334
4.020127878,176.4011866,2336.624916,16,31.46745303,63382.29841
3.744016715,352.2614738,1627.556396,7,31.43077343,76664.98752
3.928819556,111.5279047,1149.937086,18,29.11627376,43899.21152
3.399535552,370.5285976,3530.948992,19,13.66737785,74061.79415
2.381296706,238.4432394,3943.577587,14,27.25807117,55190.14767
2.709935977,291.160443,3379.428622,8,33.62560161,67694.71396
2.135592009,297.8061767,3561.354765,19,27.06351197,66771.95015
4.679576965,368.5353222,1725.931391,9,18.29042123,88798.58364
3.541871282,291.0009047,3881.880927,11,22.51448294,77296.42794
2.902979959,284.1800754,1590.777113,19,26.14312608,61219.14998
3.117020313,119.9956122,3854.289431,0,22.76426022,49774.60332
4.815491689,255.5224066,3984.457882,19,12.99882354,70876.77423
2.036729911,145.0507002,3135.168417,8,17.80160112,46451.49531
3.551804412,321.2301306,3943.431195,14,30.05990076,68262.74255
3.270610376,253.6665762,2708.619339,0,31.53545115,61973.78458
3.640089824,304.0683338,1778.62535,11,13.43250082,79991.21549
1.563385643,112.5018702,2310.987657,2,33.80966881,30776.78586
4.552433681,125.4376048,2780.682806,10,18.22056545,48533.90935
4.762413989,314.8970164,1219.244686,1,26.55784347,81448.25009
3.477966143,121.6253008,2867.029794,15,28.79562865,50164.31959
3.938277884,121.3770183,3943.53351,8,30.29865587,43955.64774
4.728747834,103.6325426,1570.322949,14,33.64374256,51601.18139
3.97533522,386.9504195,3377.785349,11,17.8229887,85481.95517
2.03388665,321.2525078,3723.696381,0,31.46266136,74644.93219
3.517009261,205.9754226,3831.104778,12,13.29217259,52521.62037
3.623502662,188.9606744,3880.406813,13,27.62602266,58186.26858
2.98445735,204.9109689,2564.378916,7,28.54944324,49894.53035
4.077554825,332.3960594,3931.923724,7,26.94308103,93846.99882
4.770284552,298.4111833,3271.930621,11,16.3078684,77571.66754
4.739489795,155.5586704,1485.014309,0,31.82607868,63216.26514
3.0779378,152.2328006,2430.700319,10,14.22146158,52984.68886
1.89633316,129.5186949,3154.993526,7,11.34086979,30567.94515
4.946944196,298.0908159,1742.020947,9,27.93662477,90914.87262
4.436143303,329.3117987,2921.845551,18,21.88689288,77954.16473
1.936319384,179.5139285,2999.801437,10,31.2274505,47685.26627
4.722946589,106.2834883,1488.099231,6,19.58492853,48554.34672
4.544637267,124.6515002,2695.255937,10,14.20696471,44110.44781
3.3159332,390.3580105,3314.880733,16,30.91105481,85883.39283
3.569464025,188.6334332,2496.686994,0,23.72274079,61724.66572
2.896509464,330.7669444,1036.30935,7,14.72989481,64364.42002
1.691665736,287.3990707,1027.115407,5,28.00959996,57723.57223
2.673190346,214.5818919,2071.088032,17,22.77784096,56773.19681
4.30998707,161.7061787,3778.582205,5,25.10782456,61703.7124
1.516212081,136.4159254,1686.030339,4,21.52245846,32541.49613
2.667247101,284.5038904,2903.091067,12,30.7177246,61482.84789
2.893590428,332.3901342,1666.227612,18,30.73906789,80935.93385
3.38088461,293.1712761,1965.009969,7,27.73472055,64247.16944
4.719494657,259.09064,3544.126269,8,12.63503443,72439.89787
2.71221098,112.585367,3186.584327,16,30.97134655,30581.38372
2.714336207,390.5466333,1286.197832,2,26.77532451,89168.72613
4.081254368,339.6142575,2286.106063,18,27.42560415,80017.64318
3.082762793,187.846611,1087.509291,10,19.07457101,51679.61769
2.28611688,393.9910988,2442.67044,16,31.9819889,91030.8764
3.083538306,280.5644769,2987.302035,18,28.13429001,61526.39471
1.992999571,274.7267975,1355.507871,1,12.81476166,66436.9501
2.117354453,324.4219538,1866.654817,7,20.19445086,63843.33581
3.244287205,343.5309364,2193.509877,18,32.15950905,74542.69239
2.966239073,296.9435822,3758.593074,6,11.17991754,79683.78925
4.701960654,138.4287239,3979.765046,16,34.03541549,55675.61738
2.768378647,201.4802518,1134.733897,5,26.97906421,46851.5909
3.532059226,378.4250921,3283.02377,18,25.78439944,83311.25698
3.712925008,167.3846836,2115.172199,5,16.76398141,52510.32418
1.545830598,211.6501072,2177.374559,1,16.21979472,47783.24332
3.822380802,229.6230649,3262.79492,5,33.55145549,66394.98646
2.123125884,231.8214969,3755.279296,4,17.45681136,63755.24694
4.863746111,283.8818747,3852.785784,18,29.38763242,80660.26682
2.020319547,382.9227513,2731.367758,19,19.82804496,65017.70893
2.951184433,172.2078135,2071.363478,3,13.48135177,49322.74012
1.798723838,136.4504129,3362.647258,16,10.26788244,26986.58562
4.989059881,159.241147,1753.00415,10,23.60643343,59642.90952
3.257682536,366.0774701,2692.222087,3,34.39447046,79680.53322
3.583847561,293.7432438,2075.735385,12,19.22840485,80344.84016
1.734767671,185.7720368,2969.893221,19,18.92980835,35232.19645
4.124861646,344.7840817,1721.196739,16,18.60229045,83294.16298
2.234669576,358.4109989,1574.778837,8,23.01359593,70304.61471
4.643190013,353.9543016,3754.71726,3,21.01662209,83857.67734
2.217988742,375.6779601,1305.411049,13,31.99786567,75626.51706
2.167407022,175.6723061,2517.873723,18,22.63801979,43157.33295
1.627923837,326.5125786,1662.558349,2,22.69394595,67436.78718
3.152234308,238.1618492,1116.78989,13,13.45928987,43694.03771
3.476943966,352.5995659,1108.056455,7,34.56848852,76089.62307
1.729980238,318.5472031,1525.665316,0,16.24932227,68234.71325
4.214346658,332.9342339,3600.311064,9,11.83410169,75209.40944
3.086510922,296.8485513,1847.436232,17,26.57865622,67732.79789
3.335365943,153.2286308,3851.377512,15,24.88415925,41288.8401
3.042669614,263.5080757,2744.866879,7,20.37864135,67007.60581
2.902670713,395.4009219,2309.842569,0,20.55480585,88858.11093
3.45874116,381.2164199,2740.266504,11,29.62659803,88226.57355
2.043340861,112.9521207,2550.095156,7,14.892816,37797.57043
2.136748457,149.4444447,3276.328761,15,30.50633297,47449.93898
4.516249674,139.518632,1847.488198,17,26.21867785,47184.40507
4.811404117,317.793973,2059.151175,3,20.47424434,81012.24422
2.806582607,345.335599,3682.282908,5,21.45071541,79460.73561
2.447606356,164.0534099,3839.369539,11,16.41618018,48143.46478
3.753998401,251.7558079,3677.674682,8,28.80285832,64765.75182
2.930569599,352.2109084,2258.343982,14,22.82186856,70442.23563
1.588852245,319.8404634,3341.096509,15,18.02136357,55609.45979
2.046534091,262.6711616,2429.0072,11,24.90125289,47866.99008
4.005902801,277.1043071,2492.619556,13,34.8933613,66827.10594
3.806233797,252.5081641,1614.040327,12,20.88155699,59182.51743
1.594835974,189.2645354,2773.39091,1,33.01728502,44941.17494
2.276902567,269.5065979,1558.407693,2,18.625421,61155.25596
2.308761788,306.6655906,1994.694097,9,11.36831767,64301.13762
3.851624603,361.9968748,3565.090605,8,15.10605266,80052.32082
1.568986882,290.8874062,1621.227428,19,20.46737858,50913.80472
1.864380037,328.3364611,1213.474856,7,15.49087321,64160.30652
4.299706299,148.0214905,1207.022778,9,10.00567596,44363.63463
2.124906317,238.4672423,3822.353562,18,32.87503844,57381.11163
3.784611377,102.7994859,2520.761314,2,31.09698528,54462.67825
2.333639734,174.0036594,2228.236215,4,28.55730579,44265.23225
1.848044875,317.9385145,3432.635743,2,14.19536489,61560.51063
2.351102668,397.5429854,3507.477784,15,13.00908941,81109.04105
4.027934261,129.7534299,1996.573099,16,11.69011874,44980.63472
4.494937638,220.4482948,3080.854172,14,28.10072972,69509.35169
4.405769526,340.0212906,3313.368448,2,33.22019902,88088.7668
2.890142354,161.2106904,2963.952061,11,20.76339552,53639.60649
3.838297978,266.5254848,1454.785224,8,12.9785168,69783.96711
2.217445034,319.9213888,3627.649251,11,22.80982052,68236.09637
2.526017056,284.7956351,2617.283658,14,18.72079769,63300.61362
4.637175365,156.4074204,1847.417279,1,19.37062311,57089.38001
1.545506732,206.6153706,2275.684556,17,25.5332656,39956.44706
1.799279858,335.1375353,1112.713271,19,27.96795283,66827.95073
2.227601893,266.2679542,1383.600404,11,12.76508997,55695.20861
1.592862714,101.5688841,3296.640252,3,10.88975577,22434.59577
2.135024023,328.297228,1000.034904,15,34.85825757,76226.93298
3.540645463,110.5934065,2249.697485,15,15.81820872,45377.46979
2.974985927,323.7201348,2567.530543,0,11.34576312,72353.71206
4.624350989,160.744168,1163.90326,1,14.74688323,57996.73452
4.361052466,387.422044,3919.234489,2,10.97394616,92012.68929
2.696360731,210.3822254,1678.375994,19,19.79527237,51614.18909
2.407982017,198.0794849,1912.596159,16,30.06004461,37997.32133
2.828923429,144.6664151,1911.827537,19,18.53111124,50452.76257
3.566032299,191.6812646,1691.249986,0,21.10458517,54324.16127
2.438222743,362.9952285,1004.421466,19,26.88966934,71386.13348
3.684521177,398.9003013,3188.034382,5,22.72235175,89483.10508
2.932940783,210.4928592,3900.536499,14,31.53614215,64976.10117
3.432165133,234.5831893,1672.88045,13,31.65089188,61536.76958
3.026442852,316.6212815,2989.141575,19,10.24776739,73568.21045
2.530630158,365.8587341,3225.688981,14,29.45115766,76962.22791
4.819586574,277.9133003,3545.276137,13,21.51834001,71727.39998
4.17262028,217.4577095,2267.887591,4,34.72101353,68698.31594
1.990396115,223.7865523,1908.792717,5,22.0808019,50206.13096
4.539637916,308.6854439,1975.885402,16,34.67239863,75189.58638
3.206009194,100.9654791,3137.863999,10,28.86423403,42775.91967
4.630932794,285.8768012,3450.3384,15,16.21512212,74841.6556
4.299493396,206.6479031,1544.841903,11,23.45987448,65576.69104
2.988247266,338.2591994,2112.823024,14,34.80339099,75806.61747
1.578642579,127.8971919,3705.82059,3,31.43826519,33108.37952
2.440370758,276.4606801,3420.080559,17,12.43417234,60464.21786
3.395719751,244.291867,3954.575208,2,27.65929992,63014.60193
3.717173769,292.6976578,3262.744779,7,18.63948965,56706.95932
2.402606899,119.4560783,2179.585603,2,10.17455655,37250.75321
1.987746259,273.9951362,2771.913502,7,20.08702423,54714.91316
4.422255829,268.4453764,2983.042763,17,15.86886054,71803.63044
4.945407632,268.1980283,1235.367449,9,30.47173176,88483.3362
3.339915638,281.0463,2633.490877,19,18.43326522,74188.40415
2.1008775,302.9403812,3127.962485,16,30.68809235,61284.79603
2.453075643,341.4966999,1501.963912,7,10.01494847,64466.84111
1.564367368,180.946216,3341.895152,10,17.69547875,42223.39517
4.700045823,347.5148231,2751.318342,4,16.02913036,85732.506
1.91212879,249.4767047,3856.665357,12,15.83918403,53104.45972
3.517807664,123.1174837,1127.266895,4,11.70466549,41154.35888
2.459193272,117.5652788,1795.978413,12,14.67810676,35797.42384
3.439623009,200.2714956,2804.661638,5,23.88873925,53896.89482
3.779971359,335.4690931,1889.679737,4,17.28402682,85336.17188
4.404096313,312.3042804,3143.272492,8,20.43486956,77040.05621
2.222474451,336.5844894,3277.015848,15,19.42167201,69390.24482
1.5384854,255.1807169,1307.547892,1,31.89762312,49063.70313
1.979099705,232.0596994,2541.563393,0,32.63247498,59603.3298
4.650065246,144.235758,2526.671667,7,22.32392429,52224.01927
4.558615271,198.4578261,2107.842311,18,18.25389876,61657.21306
3.590945858,230.2058099,3798.774588,10,12.6700176,65077.25579
3.601809012,126.5801289,3482.51896,11,33.83507198,47363.28611
3.827628361,166.1835858,3091.628146,11,11.50567362,46194.5622
2.113799475,279.4675882,3142.979907,6,17.44125694,61517.64446
4.700441811,320.6989343,2385.148431,12,17.45165503,77170.38651
2.965696837,399.5042534,3762.983563,7,18.01003215,80918.89102
2.840984849,379.9339994,3083.786282,8,14.10717108,79242.49862
3.316211968,292.7695599,3186.943185,6,29.57903577,78685.49373
1.664380884,226.374416,3585.072711,14,13.06244655,44869.09921
2.081991791,290.8532094,1822.214768,1,25.87266648,63555.18774
4.083117657,335.6954854,3421.212712,19,13.09615067,80227.18356
1.789795338,135.5008573,1585.721809,11,11.76339094,32475.37799
3.611032383,222.9714669,2036.025857,0,32.73573759,68854.95041
2.358721884,351.9406857,2006.831363,7,14.75321916,75946.83388
2.862534649,215.1498856,3935.576405,4,30.53125386,56364.90568
2.510428079,271.5616814,3569.611671,14,23.61577178,43169.27228
2.744854508,276.3308083,3103.509585,0,11.94641299,59583.95184
4.016660668,155.3428759,3181.170285,0,33.88620479,64874.94114
2.539926005,208.6706325,2686.218383,9,16.17402917,49983.30251
3.482416241,200.3533866,3841.272001,9,31.49113363,57100.75145
3.166176408,107.8590126,2488.776259,14,14.22025014,43317.81698
3.822849079,107.2575292,2141.55313,16,31.34857205,44239.97338
4.778904088,349.5091131,1489.106011,5,10.33072032,76279.99482
4.06400234,181.921243,3358.616957,2,22.79451141,52840.3182
2.252291325,255.4236299,3203.331796,12,29.23606449,59060.70312
1.609140973,189.6176721,2153.065116,15,33.36988794,41976.77352
2.417924155,382.2037735,1075.580242,7,32.73005341,86190.44424
3.582772757,177.7890277,3516.991983,14,30.49062174,50682.94278
1.679990347,228.8970438,1034.25395,16,32.20478374,46394.79273
3.237281865,361.8190751,3111.099339,16,14.98049215,71329.63726
3.588949971,352.58007,3910.771329,12,17.10460739,76009.76516
2.669853618,155.8304254,2312.983984,16,17.22421312,31711.45904
4.198192713,340.7929929,1704.920215,5,19.42634828,81304.12831
1.873093886,237.456066,3114.61303,16,19.83301676,48260.24874
1.762982236,244.8906616,3451.384426,15,23.61388312,49305.87419
4.048660647,140.0439917,2639.290948,13,13.99699408,59522.24661
3.234219607,124.1804541,3901.105826,12,27.28116659,53070.48274
3.909408387,318.3817921,1155.006165,5,14.18916348,72937.4641
3.021895685,248.9383457,2514.386795,2,17.75771205,51728.75795
2.362407116,231.0552108,3155.361842,13,22.58362827,51946.92769
4.366858112,318.8524686,3587.921413,13,29.91101404,83078.21485
4.297955576,329.6538697,1537.766836,14,28.48673083,77036.24866
3.931437648,147.6724503,3400.010445,7,26.13835891,49423.72678
2.45250798,283.0675448,2658.121227,14,13.89433151,66650.95298
3.565807334,140.6062247,2189.661046,12,23.67613364,46336.98612
2.763408639,325.4125258,1395.145086,16,12.18616254,69383.2518
1.820537257,297.0865469,3595.887277,2,19.43407942,56661.20768
4.710597514,386.9843863,1471.819625,5,20.33791326,93599.08483
1.978865208,120.6874049,1929.363578,4,10.99528599,31658.40534
4.825830738,117.1164163,1870.136596,16,16.84970249,46915.37924
3.061020205,184.6561224,3614.242103,1,33.89123668,62103.15761